{
  "timestamp": "2025-08-14T23:43:13.375Z",
  "tests": {
    "inputResponseTime": {
      "average": 2.7545395599999996,
      "p95": 5.065584000000001,
      "p99": 5.112292000000004,
      "target": 100,
      "passed": true
    },
    "memoryUsage": {
      "increase": -0.24365234375,
      "target": 10,
      "passed": true
    },
    "fileProcessing": {
      "average": 6.537962599999986,
      "target": 50,
      "passed": true
    }
  },
  "overallPassed": true
}